{
  "experiment_name": "split42_digits012",
  "tau": 0.015,
  "pairwise_signature_distances": {
    "min": 0.012453364208340645,
    "max": 0.33249202370643616,
    "mean": 0.11747834831476212,
    "std": 0.05954977497458458,
    "q95": 0.2272738516330719,
    "frac_under_tau": 0.000606060610152781
  },
  "deviation_from_mean_signature": {
    "min": 0.023708827793598175,
    "max": 0.20497983694076538,
    "mean": 0.08613473176956177,
    "std": 0.034341759979724884
  }
}