{
  "experiment": "symmetric_vmf",
  "tau": 0.015,
  "pairwise_signature_distances": {
    "min": 0.0,
    "max": 0.16252367198467255,
    "mean": 0.07293955236673355,
    "std": 0.06048903986811638,
    "q95": 0.16252367198467255,
    "frac_under_tau": 0.3326653242111206
  },
  "deviation_from_mean_signature": {
    "min": 0.012863269075751305,
    "max": 0.08540245145559311,
    "mean": 0.05856679379940033,
    "std": 0.03249683231115341
  }
}