{
  "experiment_name": "symmetric_vmf_A_to_B_rotseed123",
  "tau": 0.015,
  "pairwise_signature_distances": {
    "min": 0.0,
    "max": 0.23472373187541962,
    "mean": 0.10528355836868286,
    "std": 0.08737203478813171,
    "q95": 0.23471702635288239,
    "frac_under_tau": 0.33299949765205383
  },
  "deviation_from_mean_signature": {
    "min": 0.0185772143304348,
    "max": 0.12336253374814987,
    "mean": 0.08458167314529419,
    "std": 0.04692128673195839
  },
  "ldd_variation": {
    "n_ldds": 1998,
    "r_bins": 100,
    "rank_cap": 100,
    "ldd_global_std": 0.09671899676322937,
    "total_variance": 0.9359272718429565,
    "effective_rank": 1.063482403755188,
    "effective_rank_pct": 0.01063482403755188,
    "top_eig_frac": 0.9887841939926147
  }
}