{
  "experiment": "vmf_mixture",
  "tau": 0.015,
  "pairwise_signature_distances": {
    "min": 0.000239910717937164,
    "max": 0.41811442375183105,
    "mean": 0.1678360104560852,
    "std": 0.14075373113155365,
    "q95": 0.370446115732193,
    "frac_under_tau": 0.06550150364637375
  },
  "deviation_from_mean_signature": {
    "min": 0.09136229008436203,
    "max": 0.30885201692581177,
    "mean": 0.14273187518119812,
    "std": 0.059978969395160675
  }
}