{
  "experiment": "isotropic_vmf",
  "tau": 0.015,
  "pairwise_signature_distances": {
    "min": 0.0001768653601175174,
    "max": 0.21173034608364105,
    "mean": 0.047356124967336655,
    "std": 0.03912195563316345,
    "q95": 0.12790580093860626,
    "frac_under_tau": 0.23141741752624512
  },
  "deviation_from_mean_signature": {
    "min": 0.0053383284248411655,
    "max": 0.16573043167591095,
    "mean": 0.035119205713272095,
    "std": 0.025533724576234818
  }
}