coupling_graph_fragmentation,coupling_row_inverse_entropy_mean,coupling_row_nonuniformity,coupling_row_peak_ratio_mean,coupling_soft_block_count,ldd_effective_rank_source,ldd_variance_source,metric
0.6518253639161651,0.11711935534339886,0.7609212302678187,0.47617731785921297,0.8402409648216973,-0.4265123142495062,1.0,ldd_variance_source
0.24600218398679344,-0.04268401874662131,0.08593965449744119,0.4180529515190366,-0.36569870605707155,0.9999999999999998,-0.4265123142495062,ldd_effective_rank_source
0.9032115776406541,0.07779335535945449,1.0,0.9093740268815885,0.6831577977432488,0.0859396544974412,0.7609212302678187,coupling_row_nonuniformity
0.8693869595429714,0.034891040232515345,0.9093740268815885,1.0,0.4110914635338143,0.41805295151903665,0.4761773178592129,coupling_row_peak_ratio_mean
0.04971440318874464,0.9999999999999999,0.07779335535945449,0.034891040232515345,0.23931133336008567,-0.04268401874662131,0.11711935534339886,coupling_row_inverse_entropy_mean
0.501799554593939,0.23931133336008564,0.6831577977432488,0.41109146353381437,1.0,-0.36569870605707155,0.8402409648216973,coupling_soft_block_count
1.0,0.04971440318874465,0.9032115776406541,0.8693869595429715,0.501799554593939,0.2460021839867934,0.6518253639161651,coupling_graph_fragmentation
