{
  "experiment": "uniform_s2",
  "tau": 0.015,
  "pairwise_signature_distances": {
    "min": 0.0005971649079583585,
    "max": 0.0156505536288023,
    "mean": 0.008243038319051266,
    "std": 0.002135282615199685,
    "q95": 0.011843156069517136,
    "frac_under_tau": 0.9999399185180664
  },
  "deviation_from_mean_signature": {
    "min": 0.0030301923397928476,
    "max": 0.008876403793692589,
    "mean": 0.005909352097660303,
    "std": 0.0011393656022846699
  }
}